Category,Total_Amount,Number_of_Employees,Cost_Per_Employee
Office Supplies,105194.62999999999,48,2191.55
Travel,104780.4,50,2095.61
Marketing,102839.95000000001,48,2142.5
Software,99015.95,50,1980.32
Meals,97101.25,50,1942.02
